id;doc_title;date_doc;link_doc;type_doc
1;hack;2019-12-19T08:59:36;input Naira;PHOTOSPROFIL
2;asymmetric EXE;2019-12-19T23:22:26;Assistant Industrial;OTHER
3;Optional;2019-12-19T12:03:02;Sleek Tuna magenta;TESTRESULT
4;Maryland Legacy Unbranded Plastic Chips;2019-12-19T05:55:50;Regional;PHOTOS
5;withdrawal;2019-12-19T19:25:18;Persevering analyzing;TESTRESULT
6;Falkland Islands (Malvinas);2019-12-19T21:18:41;multi-byte Pound Sterling;PHOTOS
7;Usability models New Mexico;2019-12-19T06:40:48;Unbranded SCSI;OTHER
8;Strategist Shirt;2019-12-19T14:28:52;disintermediate Assistant generating;PHOTOS
9;New Taiwan Dollar Zimbabwe parse;2019-12-19T06:49:28;Rhode Island capacitor;PHOTOS
10;Response;2019-12-19T14:11:31;Synergized;BIRTHACT
