id;licence_num;first_name;last_name;sexe;bearthday;phone_number;e_mail;address;study_time;first_swim;groupe_name;document
1;Gloves sky blue Oklahoma;Guido;Hettinger;AUTRE;2019-12-19T22:48:54;Moroccan Dirham;;Analyst paradigms;encompassing;2019-12-19T06:56:31;Public-key Granite;48945
2;Designer Persistent;Margarett;Bode;FEMME;2019-12-19T13:33:53;withdrawal Solomon Islands Licensed;;Kentucky Algerian Dinar Clothing;open-source turn-key;2019-12-20T02:25:54;Quality;39757
3;Cambridgeshire hacking;Mariah;Hayes;HOMME;2019-12-19T23:15:18;Bacon Designer;;Agent;Human deposit;2019-12-19T20:36:12;cross-media;72595
4;Internal AI optical;Lucius;Stark;AUTRE;2019-12-19T07:10:30;Home Loan Account Tools Unbranded;;Latvia;Ports Manager Fish;2019-12-20T04:18:22;Bedfordshire;17882
5;world-class program alarm;Elouise;Mante;HOMME;2019-12-19T22:43:44;Wisconsin;;dot-com payment Libyan Dinar;white sensor local;2019-12-20T04:09:23;deposit Chips Applications;95392
6;Human;Furman;Rogahn;HOMME;2019-12-19T18:27:49;Planner Strategist;;infrastructure;mesh;2019-12-19T19:16:03;calculating Intranet Ergonomic Concrete Soap;67114
7;intuitive Open-architected system-worthy;Enid;Robel;HOMME;2019-12-19T21:37:26;schemas Synergistic Personal Loan Account;;Auto Loan Account olive;Yen;2019-12-19T09:38:28;Human;33799
8;incubate;Aurelia;Kertzmann;HOMME;2019-12-19T15:43:00;stable Utah Computers;;Plastic South Georgia and the South Sandwich Islands;composite Orchestrator Club;2019-12-19T08:31:54;sky blue;41135
9;Philippine Peso Metal;Brennon;Wolf;HOMME;2019-12-19T18:20:08;bypass Ameliorated;;infomediaries Som Rustic Frozen Keyboard;Enterprise-wide Benin;2019-12-19T11:35:24;invoice;27993
10;Operations alarm;Kaycee;Kerluke;HOMME;2019-12-19T10:33:07;Garden;;Incredible Fresh Chips;Shoes Music connect;2019-12-19T09:22:28;e-business Light;64977
